"#","Page","Page URL","Action","Priority","What changes","Current wording","New wording","Why"
"1","Site logo (all pages)","https://elitedentistryrsm.com/","Change","High","Image alt text (site-wide logo)","Dentist in Rancho Santa Margarita Logo","Elite Dentistry logo","The logo image uses a location search phrase as its description on every page of the site; a logo should be described by the practice name."
"2","dental-fillings page","https://elitedentistryrsm.com/rancho-santa-margarita-ca/dental-fillings/","Change","High","Page title","Composite Fillings in Rancho Santa Margarita, CA | Elite Dentistry","Dental Fillings in Rancho Santa Margarita, CA | Elite Dentistry","The dental-fillings page carries the composite-fillings title word-for-word, so its title does not match the page and clashes with the composite-fillings page."
"3","composite-fillings page","https://elitedentistryrsm.com/rancho-santa-margarita-ca/composite-fillings/","Consolidate (canonical)","High","Canonical tag","<link rel=""canonical"" href=""https://elitedentistryrsm.com/rancho-santa-margarita-ca/composite-fillings/"" /> (currently points to itself)","In Rank Math > edit page > Advanced > ""Canonical URL"" = https://elitedentistryrsm.com/rancho-santa-margarita-ca/dental-fillings/  ->  outputs in <head>: <link rel=""canonical"" href=""https://elitedentistryrsm.com/rancho-santa-margarita-ca/dental-fillings/"" />","Composite fillings are a type of dental filling and there is a separate dental-fillings page; neither gets visitors. The canonical makes dental-fillings the single main page. No backlinks to lose."
"4","patient-information page","https://elitedentistryrsm.com/patient-information/","Change","Medium","Page title","What to Expect on Your First Visit at Elite Dentistry in RSM","Patient Information & Resources | Elite Dentistry RSM","The title is about the first visit, but this page is a patient resources page and there is a separate first-visit page, so the title is misleading and points at the wrong page."
"5","frenectomy page","https://elitedentistryrsm.com/rancho-santa-margarita-ca/frenectomy/","Change","Medium","Image alt text (wrong topic)","Gum Contouring in Rancho Santa Margarita, CA","Laser frenectomy procedure","On the frenectomy page an image is labeled as gum contouring and written as a location search phrase, which is both wrong and unnatural."
"6","gingival-depigmentation page","https://elitedentistryrsm.com/rancho-santa-margarita-ca/gingival-depigmentation/","Change","Medium","Image alt text (wrong topic)","Patient with severe tooth pain needs root canal treatment in Rancho Santa Margarita, CA","Patient after gum depigmentation treatment","On the gum-depigmentation page an image is labeled as root canal treatment, which is the wrong topic and written as a location search phrase."
"7","patient-specials page","https://elitedentistryrsm.com/patient-specials/","Add","Medium","Missing main heading (H1)","(No H1 on the page)","Add an H1: New Patient Specials","The specials page has no main heading for visitors or search engines to read as the page subject."
"8","blogs index page","https://elitedentistryrsm.com/blogs/","Change","Medium","Page title (stray characters)","Dental Blogs - | Elite Dentistry","Dental Blog | Elite Dentistry","The title has a stray ""- |"" left in the middle by mistake."
"9","blogs index page","https://elitedentistryrsm.com/blogs/","Add","Low","Missing main heading (H1)","(No H1 on the page)","Add an H1: Dental Blog","The blog listing page has no main heading."
"10","accessibility-statement page","https://elitedentistryrsm.com/accessibility-statement/","Add","Low","Missing main heading (H1)","(No H1 on the page)","Add an H1: Accessibility Statement","The page has no main heading at all."
"11","privacy-policy page","https://elitedentistryrsm.com/privacy-policy/","Add","Low","Missing main heading (H1)","(No H1 on the page)","Add an H1: Privacy Policy","The page has no main heading at all."
"12","service pages with location-keyword image alts","https://elitedentistryrsm.com/rancho-santa-margarita-ca/dental-bridge/","Change","Low","Image alt text (exact-match location keyword)","Alt written as ""<Service> in Rancho Santa Margarita, CA"" on: /dental-bridge/, /dental-inlays-and-onlays/, /internal-tooth-bleaching/, /gum-contouring/, /crown-lengthening-clp/, /sinus-lift-surgery/, /all-on-4-dental-implants/, /dental-bone-grafting/, and blog posts good-candidate-for-dental-implants & what-happens-if-i-lose-an-invisalign-aligner-tray","Rewrite each image alt as a plain description of the picture (e.g. ""Model of a dental bridge""), without the city keyword","These images are described with the service-plus-city search phrase instead of describing the picture, which reads unnaturally and repeats the location keyword."
"13","elitedentistryrsm.com page","https://elitedentistryrsm.com/","Keep","-","","","","Home page - ranks #2-7 for the main ""dentist in Rancho Santa Margarita"" searches and brings ~80% of the traffic; title and H1 match. Do not touch."
"14","contact-us page","https://elitedentistryrsm.com/contact-us/","Keep","-","","","","Contact page - ranks/gets traffic; fine as-is. Keep."
"15","about-us page","https://elitedentistryrsm.com/about-us/","Keep","-","","","","Title and heading match the page topic; no change needed now. Keep."
"16","emergency-dentist page","https://elitedentistryrsm.com/rancho-santa-margarita-ca/emergency-dentist/","Keep","-","","","","Emergency dentist page - ranks (#2 for ""RSM emergency dentist"", #12 emergency dentist); title and H1 match. Keep."
"17","sedation-dentistry page","https://elitedentistryrsm.com/rancho-santa-margarita-ca/sedation-dentistry/","Keep","-","","","","Title and heading match the page topic; no change needed now. Keep."
"18","sleep-apnea-treatment page","https://elitedentistryrsm.com/rancho-santa-margarita-ca/sleep-apnea-treatment/","Keep","-","","","","Title and heading match the page topic; no change needed now. Keep."
"19","tmj-and-bruxism-treatment page","https://elitedentistryrsm.com/rancho-santa-margarita-ca/tmj-and-bruxism-treatment/","Keep","-","","","","Title and heading match the page topic; no change needed now. Keep."
"20","retainers page","https://elitedentistryrsm.com/rancho-santa-margarita-ca/retainers/","Keep","-","","","","Title and heading match the page topic; no change needed now. Keep."
"21","invisalign-clear-aligners page","https://elitedentistryrsm.com/rancho-santa-margarita-ca/invisalign-clear-aligners/","Keep","-","","","","Title and heading match the page topic; no change needed now. Keep."
"22","laser-snoring-solutions page","https://elitedentistryrsm.com/rancho-santa-margarita-ca/laser-snoring-solutions/","Keep","-","","","","Title and heading match the page topic; no change needed now. Keep."
"23","laser-dental-fillings page","https://elitedentistryrsm.com/rancho-santa-margarita-ca/laser-dental-fillings/","Keep","-","","","","Title and heading match the page topic; no change needed now. Keep."
"24","solea-laser-dentistry page","https://elitedentistryrsm.com/rancho-santa-margarita-ca/solea-laser-dentistry/","Keep","-","","","","Title and heading match the page topic; no change needed now. Keep."
"25","laser-dentistry page","https://elitedentistryrsm.com/rancho-santa-margarita-ca/laser-dentistry/","Keep","-","","","","Title and heading match the page topic; no change needed now. Keep."
"26","pocket-reduction-surgery page","https://elitedentistryrsm.com/rancho-santa-margarita-ca/pocket-reduction-surgery/","Keep","-","","","","Title and heading match the page topic; no change needed now. Keep."
"27","pinhole-surgical-technique page","https://elitedentistryrsm.com/rancho-santa-margarita-ca/pinhole-surgical-technique/","Keep","-","","","","Title and heading match the page topic; no change needed now. Keep."
"28","deep-cleaning-scaling-root-planing page","https://elitedentistryrsm.com/rancho-santa-margarita-ca/deep-cleaning-scaling-root-planing/","Keep","-","","","","Title and heading match the page topic; no change needed now. Keep."
"29","smile-makeover page","https://elitedentistryrsm.com/rancho-santa-margarita-ca/smile-makeover/","Keep","-","","","","Title and heading match the page topic; no change needed now. Keep."
"30","dental-bonding page","https://elitedentistryrsm.com/rancho-santa-margarita-ca/dental-bonding/","Keep","-","","","","Title and heading match the page topic; no change needed now. Keep."
"31","lumineers-no-prep-veneers page","https://elitedentistryrsm.com/rancho-santa-margarita-ca/lumineers-no-prep-veneers/","Keep","-","","","","Title and heading match the page topic; no change needed now. Keep."
"32","dental-exams-and-x-rays page","https://elitedentistryrsm.com/rancho-santa-margarita-ca/dental-exams-and-x-rays/","Keep","-","","","","Title and heading match the page topic; no change needed now. Keep."
"33","veneers page","https://elitedentistryrsm.com/rancho-santa-margarita-ca/veneers/","Keep","-","","","","Title and heading match the page topic; no change needed now. Keep."
"34","zoom-teeth-whitening page","https://elitedentistryrsm.com/rancho-santa-margarita-ca/zoom-teeth-whitening/","Keep","-","","","","Title and heading match the page topic; no change needed now. Keep."
"35","multiple-tooth-implant-supported-bridges page","https://elitedentistryrsm.com/rancho-santa-margarita-ca/multiple-tooth-implant-supported-bridges/","Keep","-","","","","Title and heading match the page topic; no change needed now. Keep."
"36","dental-implants page","https://elitedentistryrsm.com/rancho-santa-margarita-ca/dental-implants/","Keep","-","","","","Title and heading match the page topic; no change needed now. Keep."
"37","implant-supported-dentures page","https://elitedentistryrsm.com/rancho-santa-margarita-ca/implant-supported-dentures/","Keep","-","","","","Title and heading match the page topic; no change needed now. Keep."
"38","single-tooth-implant page","https://elitedentistryrsm.com/rancho-santa-margarita-ca/single-tooth-implant/","Keep","-","","","","Title and heading match the page topic; no change needed now. Keep."
"39","wisdom-teeth-removal page","https://elitedentistryrsm.com/rancho-santa-margarita-ca/wisdom-teeth-removal/","Keep","-","","","","Title and heading match the page topic; no change needed now. Keep."
"40","tooth-extraction page","https://elitedentistryrsm.com/rancho-santa-margarita-ca/tooth-extraction/","Keep","-","","","","Title and heading match the page topic; no change needed now. Keep."
"41","full-mouth-reconstruction page","https://elitedentistryrsm.com/rancho-santa-margarita-ca/full-mouth-reconstruction/","Keep","-","","","","Title and heading match the page topic; no change needed now. Keep."
"42","dentures page","https://elitedentistryrsm.com/rancho-santa-margarita-ca/dentures/","Keep","-","","","","Title and heading match the page topic; no change needed now. Keep."
"43","root-canals page","https://elitedentistryrsm.com/rancho-santa-margarita-ca/root-canals/","Keep","-","","","","Title and heading match the page topic; no change needed now. Keep."
"44","same-day-dental-crowns page","https://elitedentistryrsm.com/rancho-santa-margarita-ca/same-day-dental-crowns/","Keep","-","","","","Title and heading match the page topic; no change needed now. Keep."
"45","mouth-guards page","https://elitedentistryrsm.com/rancho-santa-margarita-ca/mouth-guards/","Keep","-","","","","Title and heading match the page topic; no change needed now. Keep."
"46","dental-sealants page","https://elitedentistryrsm.com/rancho-santa-margarita-ca/dental-sealants/","Keep","-","","","","Title and heading match the page topic; no change needed now. Keep."
"47","teeth-cleaning page","https://elitedentistryrsm.com/rancho-santa-margarita-ca/teeth-cleaning/","Keep","-","","","","Title and heading match the page topic; no change needed now. Keep."
"48","dental-laminates page","https://elitedentistryrsm.com/rancho-santa-margarita-ca/dental-laminates/","Keep","-","","","","Title and heading match the page topic; no change needed now. Keep."
"49","dental-faqs page","https://elitedentistryrsm.com/dental-faqs/","Keep","-","","","","Glossary/FAQ hub page - title and heading match the topic; on-topic. Keep."
"50","hygiene-common-questions page","https://elitedentistryrsm.com/dental-faqs/hygiene-common-questions/","Keep","-","","","","Glossary/FAQ hub page - title and heading match the topic; on-topic. Keep."
"51","emergency-dentistry-common-questions page","https://elitedentistryrsm.com/dental-faqs/emergency-dentistry-common-questions/","Keep","-","","","","Glossary/FAQ hub page - title and heading match the topic; on-topic. Keep."
"52","teeth-whitening-common-questions page","https://elitedentistryrsm.com/dental-faqs/teeth-whitening-common-questions/","Keep","-","","","","Glossary/FAQ hub page - title and heading match the topic; on-topic. Keep."
"53","extraction-common-questions page","https://elitedentistryrsm.com/dental-faqs/extraction-common-questions/","Keep","-","","","","Glossary/FAQ hub page - title and heading match the topic; on-topic. Keep."
"54","wisdom-teeth-common-questions page","https://elitedentistryrsm.com/dental-faqs/wisdom-teeth-common-questions/","Keep","-","","","","Glossary/FAQ hub page - title and heading match the topic; on-topic. Keep."
"55","clear-aligners-common-questions page","https://elitedentistryrsm.com/dental-faqs/clear-aligners-common-questions/","Keep","-","","","","Glossary/FAQ hub page - title and heading match the topic; on-topic. Keep."
"56","fillings-common-questions page","https://elitedentistryrsm.com/dental-faqs/fillings-common-questions/","Keep","-","","","","Glossary/FAQ hub page - title and heading match the topic; on-topic. Keep."
"57","dental-veneers-common-questions page","https://elitedentistryrsm.com/dental-faqs/dental-veneers-common-questions/","Keep","-","","","","Glossary/FAQ hub page - title and heading match the topic; on-topic. Keep."
"58","implants-common-questions page","https://elitedentistryrsm.com/dental-faqs/implants-common-questions/","Keep","-","","","","Glossary/FAQ hub page - title and heading match the topic; on-topic. Keep."
"59","dental-checkups-common-questions page","https://elitedentistryrsm.com/dental-faqs/dental-checkups-common-questions/","Keep","-","","","","Glossary/FAQ hub page - title and heading match the topic; on-topic. Keep."
"60","teeth-whitening page","https://elitedentistryrsm.com/rancho-santa-margarita-ca/teeth-whitening/","Keep","-","","","","Title and heading match the page topic; no change needed now. Keep."
"61","oral-surgery page","https://elitedentistryrsm.com/rancho-santa-margarita-ca/oral-surgery/","Keep","-","","","","Title and heading match the page topic; no change needed now. Keep."
"62","periodontal-care page","https://elitedentistryrsm.com/rancho-santa-margarita-ca/periodontal-care/","Keep","-","","","","Title and heading match the page topic; no change needed now. Keep."
"63","cosmetic-dentistry page","https://elitedentistryrsm.com/rancho-santa-margarita-ca/cosmetic-dentistry/","Keep","-","","","","Title and heading match the page topic; no change needed now. Keep."
"64","family-dentistry page","https://elitedentistryrsm.com/rancho-santa-margarita-ca/family-dentistry/","Keep","-","","","","Title and heading match the page topic; no change needed now. Keep."
"65","meet-our-dental-team page","https://elitedentistryrsm.com/meet-our-dental-team/","Keep","-","","","","Title and heading match the page topic; no change needed now. Keep."
"66","office-tour page","https://elitedentistryrsm.com/office-tour/","Keep","-","","","","Utility/support page; fine as-is. Keep."
"67","dental-technology page","https://elitedentistryrsm.com/dental-technology/","Keep","-","","","","Title and heading match the page topic; no change needed now. Keep."
"68","preventative-dentistry page","https://elitedentistryrsm.com/rancho-santa-margarita-ca/preventative-dentistry/","Keep","-","","","","Title and heading match the page topic; no change needed now. Keep."
"69","periodontics page","https://elitedentistryrsm.com/rancho-santa-margarita-ca/periodontics/","Keep","-","","","","Title and heading match the page topic; no change needed now. Keep."
"70","dental-financing-affordable-payments page","https://elitedentistryrsm.com/dental-financing-affordable-payments/","Keep","-","","","","Title and heading match the page topic; no change needed now. Keep."
"71","dental-insurance page","https://elitedentistryrsm.com/dental-insurance/","Keep","-","","","","Title and heading match the page topic; no change needed now. Keep."
"72","patients-first-visit page","https://elitedentistryrsm.com/patients-first-visit/","Keep","-","","","","Title and heading match the page topic; no change needed now. Keep."
"73","dental-implants-options page","https://elitedentistryrsm.com/dental-implants-options/","Keep","-","","","","Title and heading match the page topic; no change needed now. Keep."
"74","restorative-dentistry page","https://elitedentistryrsm.com/rancho-santa-margarita-ca/restorative-dentistry/","Keep","-","","","","Title and heading match the page topic; no change needed now. Keep."
"75","dental-services page","https://elitedentistryrsm.com/rancho-santa-margarita-ca/dental-services/","Keep","-","","","","Title and heading match the page topic; no change needed now. Keep."
"76","survey page","https://elitedentistryrsm.com/survey/","Keep","-","","","","Utility/support page; fine as-is. Keep."
"77","dental-dictionary page","https://elitedentistryrsm.com/dental-dictionary/","Keep","-","","","","Glossary/FAQ hub page - title and heading match the topic; on-topic. Keep."
"78","why-choose-us page","https://elitedentistryrsm.com/why-choose-us/","Keep","-","","","","Title and heading match the page topic; no change needed now. Keep."
"79","patient-reviews page","https://elitedentistryrsm.com/patient-reviews/","Keep","-","","","","Utility/support page; fine as-is. Keep."
"80","feedback page","https://elitedentistryrsm.com/feedback/","Keep","-","","","","Utility/support page; fine as-is. Keep."
"81","dr-mehran-rastegar-lari-dds page","https://elitedentistryrsm.com/meet-our-dental-team/dr-mehran-rastegar-lari-dds/","Keep","-","","","","Dr. Lari bio - ranks for the brand search and gets traffic; title and H1 match. Keep."
"82","video-testimonials page","https://elitedentistryrsm.com/video-testimonials/","Keep","-","","","","Utility/support page; fine as-is. Keep."
"83","thank-you page","https://elitedentistryrsm.com/thank-you/","Keep","-","","","","Utility/support page; fine as-is. Keep."
"84","dental-videos page","https://elitedentistryrsm.com/dental-videos/","Keep","-","","","","Utility/support page; fine as-is. Keep."
"85","dentist-near-me page","https://elitedentistryrsm.com/dentist-near-me/","Keep","-","","","","Title and heading match the page topic; no change needed now. Keep."
"86","find-a-dentist page","https://elitedentistryrsm.com/find-a-dentist/","Keep","-","","","","Title and heading match the page topic; no change needed now. Keep."
"87","community-events page","https://elitedentistryrsm.com/community-events/","Keep","-","","","","Utility/support page; fine as-is. Keep."
"88","wisdom-teeth-glossary page","https://elitedentistryrsm.com/dental-dictionary/wisdom-teeth-glossary/","Keep","-","","","","Glossary/FAQ hub page - title and heading match the topic; on-topic. Keep."
"89","veneers-glossary page","https://elitedentistryrsm.com/dental-dictionary/veneers-glossary/","Keep","-","","","","Glossary/FAQ hub page - title and heading match the topic; on-topic. Keep."
"90","tooth-extractions-glossary page","https://elitedentistryrsm.com/dental-dictionary/tooth-extractions-glossary/","Keep","-","","","","Glossary/FAQ hub page - title and heading match the topic; on-topic. Keep."
"91","teeth-whitening-glossary page","https://elitedentistryrsm.com/dental-dictionary/teeth-whitening-glossary/","Keep","-","","","","Glossary/FAQ hub page - title and heading match the topic; on-topic. Keep."
"92","root-canal-glossary page","https://elitedentistryrsm.com/dental-dictionary/root-canal-glossary/","Keep","-","","","","Glossary/FAQ hub page - title and heading match the topic; on-topic. Keep."
"93","orthodontic-glossary page","https://elitedentistryrsm.com/dental-dictionary/orthodontic-glossary/","Keep","-","","","","Glossary/FAQ hub page - title and heading match the topic; on-topic. Keep."
"94","dental-implants-glossary page","https://elitedentistryrsm.com/dental-dictionary/dental-implants-glossary/","Keep","-","","","","Glossary/FAQ hub page - title and heading match the topic; on-topic. Keep."
"95","dental-emergency-glossary page","https://elitedentistryrsm.com/dental-dictionary/dental-emergency-glossary/","Keep","-","","","","Glossary/FAQ hub page - title and heading match the topic; on-topic. Keep."
"96","cosmetic-dentistry-glossary page","https://elitedentistryrsm.com/dental-dictionary/cosmetic-dentistry-glossary/","Keep","-","","","","Glossary/FAQ hub page - title and heading match the topic; on-topic. Keep."
"97","bone-grafting-glossary page","https://elitedentistryrsm.com/dental-dictionary/bone-grafting-glossary/","Keep","-","","","","Glossary/FAQ hub page - title and heading match the topic; on-topic. Keep."
"98","clear-aligners-glossary page","https://elitedentistryrsm.com/dental-dictionary/clear-aligners-glossary/","Keep","-","","","","Glossary/FAQ hub page - title and heading match the topic; on-topic. Keep."
"99","dentist-appointment page","https://elitedentistryrsm.com/dentist-appointment/","Keep","-","","","","Title and heading match the page topic; no change needed now. Keep."
"100","rancho-santa-margarita-ca page","https://elitedentistryrsm.com/rancho-santa-margarita-ca/","Keep","-","","","","Title and heading match the page topic; no change needed now. Keep."
"101","general-dentistry-glossary page","https://elitedentistryrsm.com/dental-dictionary/general-dentistry-glossary/","Keep","-","","","","Glossary/FAQ hub page - title and heading match the topic; on-topic. Keep."
"102","dental-crowns-glossary page","https://elitedentistryrsm.com/dental-dictionary/dental-crowns-glossary/","Keep","-","","","","Glossary/FAQ hub page - title and heading match the topic; on-topic. Keep."
"103","teeth-fillings-glossary page","https://elitedentistryrsm.com/dental-dictionary/teeth-fillings-glossary/","Keep","-","","","","Glossary/FAQ hub page - title and heading match the topic; on-topic. Keep."
"104","dental-cleaning-glossary page","https://elitedentistryrsm.com/dental-dictionary/dental-cleaning-glossary/","Keep","-","","","","Glossary/FAQ hub page - title and heading match the topic; on-topic. Keep."
"105","dental-exams-glossary page","https://elitedentistryrsm.com/dental-dictionary/dental-exams-glossary/","Keep","-","","","","Glossary/FAQ hub page - title and heading match the topic; on-topic. Keep."
"106","review-request page","https://elitedentistryrsm.com/review-request/","Keep","-","","","","Utility/support page; fine as-is. Keep."
"107","does-my-loud-snoring-need-sleep-apnea-treatment page","https://elitedentistryrsm.com/does-my-loud-snoring-need-sleep-apnea-treatment/","Keep","-","","","","Blog article - title matches the topic and heading; on-topic. Keep."
"108","top-5-reasons-people-avoid-the-dentist-until-it-becomes-an-emergency page","https://elitedentistryrsm.com/top-5-reasons-people-avoid-the-dentist-until-it-becomes-an-emergency/","Keep","-","","","","Blog article - title matches the topic and heading; on-topic. Keep."
"109","tired-of-being-tired-how-sleep-apnea-treatment-restores-real-rest page","https://elitedentistryrsm.com/tired-of-being-tired-how-sleep-apnea-treatment-restores-real-rest/","Keep","-","","","","Blog article - title matches the topic and heading; on-topic. Keep."
"110","my-tooth-hurts-when-i-bite-down-but-i-feel-fine-otherwise-why page","https://elitedentistryrsm.com/my-tooth-hurts-when-i-bite-down-but-i-feel-fine-otherwise-why/","Keep","-","","","","Blog article - title matches the topic and heading; on-topic. Keep."
"111","why-does-my-jaw-click-when-i-open-my-mouth page","https://elitedentistryrsm.com/why-does-my-jaw-click-when-i-open-my-mouth/","Keep","-","","","","Blog article - title matches the topic and heading; on-topic. Keep."
"112","about-same-day-crowns page","https://elitedentistryrsm.com/about-same-day-crowns/","Keep","-","","","","Blog article - title matches the topic and heading; on-topic. Keep."
"113","stop-snoring-with-laser-snoring-treatment page","https://elitedentistryrsm.com/stop-snoring-with-laser-snoring-treatment/","Keep","-","","","","Blog article - title matches the topic and heading; on-topic. Keep."
"114","revolutionary-laser-fillings-the-future-of-cavity-treatment page","https://elitedentistryrsm.com/revolutionary-laser-fillings-the-future-of-cavity-treatment/","Keep","-","","","","Blog article - title matches the topic and heading; on-topic. Keep."
"115","smile-confidently-how-gingival-depigmentation-transforms-dark-gums page","https://elitedentistryrsm.com/smile-confidently-how-gingival-depigmentation-transforms-dark-gums/","Keep","-","","","","Blog article - title matches the topic and heading; on-topic. Keep."
"116","snap-in-dentures-vs-traditional-dentures page","https://elitedentistryrsm.com/snap-in-dentures-vs-traditional-dentures/","Keep","-","","","","Blog article - title matches the topic and heading; on-topic. Keep."
"117","can-oral-appliances-beat-sleep-apnea page","https://elitedentistryrsm.com/can-oral-appliances-beat-sleep-apnea/","Keep","-","","","","Blog article - title matches the topic and heading; on-topic. Keep."
"118","laser-gum-disease-treatment page","https://elitedentistryrsm.com/laser-gum-disease-treatment/","Keep","-","","","","Blog article - title matches the topic and heading; on-topic. Keep."
"119","laser-frenectomy-treatment-for-tongue-tie-and-lip-tie page","https://elitedentistryrsm.com/laser-frenectomy-treatment-for-tongue-tie-and-lip-tie/","Keep","-","","","","Blog article - title matches the topic and heading; on-topic. Keep."
"120","dental-implants-care-after-placement-guide page","https://elitedentistryrsm.com/dental-implants-care-after-placement-guide/","Keep","-","","","","Blog article - title matches the topic and heading; on-topic. Keep."
"121","foods-to-avoid-teeth-whitening-treatment page","https://elitedentistryrsm.com/foods-to-avoid-teeth-whitening-treatment/","Keep","-","","","","Blog article - title matches the topic and heading; on-topic. Keep."
"122","how-quickly-should-you-see-an-emergency-dentist page","https://elitedentistryrsm.com/how-quickly-should-you-see-an-emergency-dentist/","Keep","-","","","","Blog article - title matches the topic and heading; on-topic. Keep."
"123","are-same-day-dental-crowns-as-good-as-traditional-crowns page","https://elitedentistryrsm.com/are-same-day-dental-crowns-as-good-as-traditional-crowns/","Keep","-","","","","Blog article - title matches the topic and heading; on-topic. Keep."
"124","how-can-all-on-4-implants-restore-your-smile page","https://elitedentistryrsm.com/how-can-all-on-4-implants-restore-your-smile/","Keep","-","","","","Blog article - title matches the topic and heading; on-topic. Keep."
"125","sleep-apnea-treatment-reduces-snoring page","https://elitedentistryrsm.com/sleep-apnea-treatment-reduces-snoring/","Keep","-","","","","Blog article - title matches the topic and heading; on-topic. Keep."
"126","can-porcelain-veneers-fix-crooked-teeth page","https://elitedentistryrsm.com/can-porcelain-veneers-fix-crooked-teeth/","Keep","-","","","","Blog article - title matches the topic and heading; on-topic. Keep."
"127","how-effective-are-teeth-whitening-strips page","https://elitedentistryrsm.com/how-effective-are-teeth-whitening-strips/","Keep","-","","","","Blog article - title matches the topic and heading; on-topic. Keep."
"128","whats-recovery-from-root-canal-treatment-like page","https://elitedentistryrsm.com/whats-recovery-from-root-canal-treatment-like/","Keep","-","","","","Blog article - title matches the topic and heading; on-topic. Keep."
"129","what-implant-services-does-a-local-dentist-offer page","https://elitedentistryrsm.com/what-implant-services-does-a-local-dentist-offer/","Keep","-","","","","Blog article - title matches the topic and heading; on-topic. Keep."
"130","what-to-do-if-you-need-emergency-dental-care-over-the-holidays page","https://elitedentistryrsm.com/what-to-do-if-you-need-emergency-dental-care-over-the-holidays/","Keep","-","","","","Blog article - title matches the topic and heading; on-topic. Keep."
"131","what-should-i-ask-a-dental-implant-specialist page","https://elitedentistryrsm.com/what-should-i-ask-a-dental-implant-specialist/","Keep","-","","","","Blog article - title matches the topic and heading; on-topic. Keep."
"132","common-dental-mistakes-to-avoid page","https://elitedentistryrsm.com/common-dental-mistakes-to-avoid/","Keep","-","","","","Blog article - title matches the topic and heading; on-topic. Keep."
"133","living-in-rancho-santa-margarita-safe-family-friendly-and-convenient page","https://elitedentistryrsm.com/living-in-rancho-santa-margarita-safe-family-friendly-and-convenient/","Keep","-","","","","Blog article - title matches the topic and heading; on-topic. Keep."
"134","how-to-choose-a-dental-implant-specialist page","https://elitedentistryrsm.com/how-to-choose-a-dental-implant-specialist/","Keep","-","","","","Blog article - title matches the topic and heading; on-topic. Keep."
"135","how-to-find-the-right-dentist-complete-guide page","https://elitedentistryrsm.com/how-to-find-the-right-dentist-complete-guide/","Keep","-","","","","Blog article - title matches the topic and heading; on-topic. Keep."
"136","find-out-why-i-want-veneers-is-the-most-popular-new-years-resolution-for-2026 page","https://elitedentistryrsm.com/find-out-why-i-want-veneers-is-the-most-popular-new-years-resolution-for-2026/","Keep","-","","","","Blog article - title matches the topic and heading; on-topic. Keep."
"137","top-5-signs-you-need-root-canal-treatment page","https://elitedentistryrsm.com/top-5-signs-you-need-root-canal-treatment/","Keep","-","","","","Blog article - title matches the topic and heading; on-topic. Keep."
"138","do-my-teeth-look-transparent-or-see-through-at-the-edges-cosmetic-dentistry page","https://elitedentistryrsm.com/do-my-teeth-look-transparent-or-see-through-at-the-edges-cosmetic-dentistry/","Keep","-","","","","Blog article - title matches the topic and heading; on-topic. Keep."
"139","what-does-an-oral-cancer-screening-involve-and-does-it-hurt page","https://elitedentistryrsm.com/what-does-an-oral-cancer-screening-involve-and-does-it-hurt/","Keep","-","","","","Blog article - title matches the topic and heading; on-topic. Keep."
"140","top-5-questions-to-ask-your-dentist-before-getting-dental-implants page","https://elitedentistryrsm.com/top-5-questions-to-ask-your-dentist-before-getting-dental-implants/","Keep","-","","","","Blog article - title matches the topic and heading; on-topic. Keep."
"141","dental-bonding-vs-veneers-which-one-is-the-better-fix-for-chipped-teeth page","https://elitedentistryrsm.com/dental-bonding-vs-veneers-which-one-is-the-better-fix-for-chipped-teeth/","Keep","-","","","","Blog article - title matches the topic and heading; on-topic. Keep."
"142","dental-implants-vs-dental-bridge-which-is-the-smarter-long-term-choice page","https://elitedentistryrsm.com/dental-implants-vs-dental-bridge-which-is-the-smarter-long-term-choice/","Keep","-","","","","Blog article - title matches the topic and heading; on-topic. Keep."
"143","is-there-a-minimum-age-for-teeth-whitening-and-why-does-it-matter page","https://elitedentistryrsm.com/is-there-a-minimum-age-for-teeth-whitening-and-why-does-it-matter/","Keep","-","","","","Blog article - title matches the topic and heading; on-topic. Keep."
"144","can-you-get-dental-implants-with-gum-disease-what-to-do-first page","https://elitedentistryrsm.com/can-you-get-dental-implants-with-gum-disease-what-to-do-first/","Keep","-","","","","Blog article - title matches the topic and heading; on-topic. Keep."
"145","what-happens-if-you-keep-wisdom-teeth-our-dentist-explains page","https://elitedentistryrsm.com/what-happens-if-you-keep-wisdom-teeth-our-dentist-explains/","Keep","-","","","","Blog article - title matches the topic and heading; on-topic. Keep."
"146","faqs-about-cosmetic-dentistry-for-chipped-teeth page","https://elitedentistryrsm.com/faqs-about-cosmetic-dentistry-for-chipped-teeth/","Keep","-","","","","Blog article - title matches the topic and heading; on-topic. Keep."
"147","how-long-does-invisalign-treatment-take page","https://elitedentistryrsm.com/how-long-does-invisalign-treatment-take/","Keep","-","","","","Blog article - title matches the topic and heading; on-topic. Keep."
"148","why-does-my-jaw-pop-when-i-chew-or-yawn page","https://elitedentistryrsm.com/why-does-my-jaw-pop-when-i-chew-or-yawn/","Keep","-","","","","Blog article - title matches the topic and heading; on-topic. Keep."
"149","how-to-fix-an-uneven-smile-without-major-dental-work page","https://elitedentistryrsm.com/how-to-fix-an-uneven-smile-without-major-dental-work/","Keep","-","","","","Blog article - title matches the topic and heading; on-topic. Keep."
"150","how-a-cracked-tooth-can-lead-to-a-serious-infection page","https://elitedentistryrsm.com/how-a-cracked-tooth-can-lead-to-a-serious-infection/","Keep","-","","","","Blog article - title matches the topic and heading; on-topic. Keep."
"151","signs-you-might-have-a-cavity-and-dont-even-know-it page","https://elitedentistryrsm.com/signs-you-might-have-a-cavity-and-dont-even-know-it/","Keep","-","","","","Blog article - title matches the topic and heading; on-topic. Keep."
"152","why-your-dental-hygienist-is-important-to-your-oral-health page","https://elitedentistryrsm.com/why-your-dental-hygienist-is-important-to-your-oral-health/","Keep","-","","","","Blog article - title matches the topic and heading; on-topic. Keep."
"153","are-dental-implants-painful-or-is-that-fear-bigger-than-the-reality page","https://elitedentistryrsm.com/are-dental-implants-painful-or-is-that-fear-bigger-than-the-reality/","Keep","-","","","","Blog article - title matches the topic and heading; on-topic. Keep."
"154","how-to-choose-a-dentist page","https://elitedentistryrsm.com/how-to-choose-a-dentist/","Keep","-","","","","Blog article - title matches the topic and heading; on-topic. Keep."
"155","emergency-dental-care-your-quick-fix-for-dental-emergencies page","https://elitedentistryrsm.com/emergency-dental-care-your-quick-fix-for-dental-emergencies/","Keep","-","","","","Blog article - title matches the topic and heading; on-topic. Keep."
"156","the-best-implant-dentist-your-guide-to-dental-implants page","https://elitedentistryrsm.com/the-best-implant-dentist-your-guide-to-dental-implants/","Keep","-","","","","Blog article - title matches the topic and heading; on-topic. Keep."
"157","is-cosmetic-dentistry-worth-it-after-40-what-adults-should-know page","https://elitedentistryrsm.com/is-cosmetic-dentistry-worth-it-after-40-what-adults-should-know/","Keep","-","","","","Blog article - title matches the topic and heading; on-topic. Keep."
"158","5-ways-dental-technology-makes-your-visit-more-comfortable page","https://elitedentistryrsm.com/5-ways-dental-technology-makes-your-visit-more-comfortable/","Keep","-","","","","Blog article - title matches the topic and heading; on-topic. Keep."
"159","why-family-dentists-are-ideal-for-childrens-dental-care page","https://elitedentistryrsm.com/why-family-dentists-are-ideal-for-childrens-dental-care/","Keep","-","","","","Blog article - title matches the topic and heading; on-topic. Keep."
"160","what-to-do-when-your-child-has-a-dental-emergency-a-parents-guide page","https://elitedentistryrsm.com/what-to-do-when-your-child-has-a-dental-emergency-a-parents-guide/","Keep","-","","","","Blog article - title matches the topic and heading; on-topic. Keep."
"161","considering-invisalign-here-is-what-you-should-know page","https://elitedentistryrsm.com/considering-invisalign-here-is-what-you-should-know/","Keep","-","","","","Blog article - title matches the topic and heading; on-topic. Keep."
"162","tmj-pain-relief-advanced-treatment-options page","https://elitedentistryrsm.com/tmj-pain-relief-advanced-treatment-options/","Keep","-","","","","Blog article - title matches the topic and heading; on-topic. Keep."
"163","dental-implants-cost-guide page","https://elitedentistryrsm.com/dental-implants-cost-guide/","Keep","-","","","","Blog article - title matches the topic and heading; on-topic. Keep."
"164","how-long-do-dental-implants-really-last page","https://elitedentistryrsm.com/how-long-do-dental-implants-really-last/","Keep","-","","","","Blog article - title matches the topic and heading; on-topic. Keep."
"165","porcelain-veneers-are-they-worth-the-investment page","https://elitedentistryrsm.com/porcelain-veneers-are-they-worth-the-investment/","Keep","-","","","","Blog article - title matches the topic and heading; on-topic. Keep."
"166","same-day-cerec-crowns-technology page","https://elitedentistryrsm.com/same-day-cerec-crowns-technology/","Keep","-","","","","Blog article - title matches the topic and heading; on-topic. Keep."
"167","childs-first-dental-visit-why-early-dental-visits-matter page","https://elitedentistryrsm.com/childs-first-dental-visit-why-early-dental-visits-matter/","Keep","-","","","","Blog article - title matches the topic and heading; on-topic. Keep."
"168","discover-the-potential-of-your-smile page","https://elitedentistryrsm.com/discover-the-potential-of-your-smile/","Keep","-","","","","Blog article - title matches the topic and heading; on-topic. Keep."
"169","finding-good-quality-dentists-trained-for-emergency-dental-care page","https://elitedentistryrsm.com/finding-good-quality-dentists-trained-for-emergency-dental-care/","Keep","-","","","","Blog article - title matches the topic and heading; on-topic. Keep."
